{"options":{"check_for_updates":true,"comment":null,"compat_foreach":false,"compat_metadata":false,"compat_powerful_this":null,"compat_prototypes":false,"compat_wrappedjsobject":false,"compatopts_for_requires":true,"noframes":null,"override":{"merge_connects":true,"merge_excludes":true,"merge_includes":true,"merge_matches":true,"orig_connects":[],"orig_excludes":["https://www.acwing.com/problem/content/submission/*/","https://www.acwing.com/problem/content/discussion/*/","https://www.acwing.com/problem/content/solution/*/","https://www.acwing.com/problem/content/video/*/"],"orig_includes":[],"orig_matches":["https://www.acwing.com/problem/content/*/","https://www.acwing.com/activity/content/*/","https://www.acwing.com/activity/content/punch_the_clock/*/","https://www.acwing.com/activity/content/code/content/*/","https://www.acwing.com/solution/*/","https://www.acwing.com/blog/*/","https://www.acwing.com/community/*/"],"orig_noframes":null,"orig_run_at":"document-idle","use_blockers":[],"use_connects":[],"use_excludes":[],"use_includes":[],"use_matches":[]},"run_at":null,"tab_types":null,"unwrap":null},"settings":{"enabled":true,"position":1},"meta":{"name":"acwing-helper","uuid":"616a0069-9900-4762-abd9-be6ef70b347d","modified":1658827731233,"file_url":"https://greasyfork.org/scripts/444381-acwing-helper/code/acwing-helper.user.js"}}