{"options":{"check_for_updates":true,"comment":null,"compat_foreach":false,"compat_metadata":false,"compat_powerful_this":null,"compat_wrappedjsobject":false,"compatopts_for_requires":true,"noframes":null,"override":{"merge_connects":true,"merge_excludes":true,"merge_includes":true,"merge_matches":true,"orig_connects":[],"orig_excludes":[],"orig_includes":["https://atcoder.jp/contests/*","https://codeforces.com/contest/*"],"orig_matches":[],"orig_noframes":null,"orig_run_at":"document-idle","use_blockers":[],"use_connects":[],"use_excludes":[],"use_includes":[],"use_matches":[]},"run_at":null,"sandbox":null,"tab_types":null,"unwrap":null},"settings":{"enabled":true,"position":9},"meta":{"name":"atcoder-problem-navigator","uuid":"187fdcc5-2f91-4462-8f55-2d7b1b30757c","modified":1663498046554,"file_url":"https://greasyfork.org/scripts/383360-atcoder-problem-navigator/code/atcoder-problem-navigator.user.js"}}