{"options":{"check_for_updates":true,"comment":null,"compatopts_for_requires":true,"compat_wrappedjsobject":false,"compat_metadata":false,"compat_foreach":false,"compat_powerful_this":null,"sandbox":null,"noframes":null,"unwrap":null,"run_at":null,"tab_types":null,"override":{"use_includes":[],"orig_includes":[],"merge_includes":true,"use_matches":[],"orig_matches":["https://atcoder.jp/contests/*/custom_test*","https://atcoder.jp/contests/*/submit*","https://atcoder.jp/contests/*/tasks/*","https://atcoder.jp/contests/*/submissions/*"],"merge_matches":true,"use_excludes":[],"orig_excludes":[],"merge_excludes":true,"use_connects":[],"orig_connects":[],"merge_connects":true,"use_blockers":[],"orig_run_at":"document-idle","orig_noframes":null}},"settings":{"enabled":true,"position":16},"meta":{"name":"AtCoder Comfortable Editor","uuid":"f4596db7-09e0-4f66-b8fb-1f6bb6fd15b0","modified":1677776424945,"file_url":"https://greasyfork.org/scripts/445582-atcoder-comfortable-editor/code/AtCoder%20Comfortable%20Editor.user.js"}}