{"options":{"check_for_updates":true,"comment":null,"compat_foreach":false,"compat_metadata":false,"compat_powerful_this":null,"compat_wrappedjsobject":false,"compatopts_for_requires":true,"noframes":null,"override":{"merge_connects":true,"merge_excludes":true,"merge_includes":true,"merge_matches":true,"orig_connects":[],"orig_excludes":[],"orig_includes":["https://atcoder.jp/contests/*/tasks_print*"],"orig_matches":[],"orig_noframes":null,"orig_run_at":"document-idle","use_blockers":[],"use_connects":[],"use_excludes":[],"use_includes":[],"use_matches":[]},"run_at":null,"sandbox":null,"tab_types":null,"unwrap":null},"settings":{"enabled":true,"position":7},"meta":{"name":"AtCoder Print Task Copy","uuid":"34d67a5e-0270-4e64-9f69-934fd2fd01e4","modified":1661075137419,"file_url":"https://greasyfork.org/scripts/394999-atcoder-print-task-copy/code/AtCoder%20Print%20Task%20Copy.user.js"}}