{"options":{"check_for_updates":false,"comment":null,"compat_foreach":false,"compat_metadata":false,"compat_powerful_this":null,"compat_prototypes":false,"compat_wrappedjsobject":false,"compatopts_for_requires":true,"noframes":null,"override":{"merge_connects":true,"merge_excludes":true,"merge_includes":true,"merge_matches":true,"orig_connects":[],"orig_excludes":[],"orig_includes":[],"orig_matches":["http://codeforces.com/contest/*/problem/*","http://codeforces.com/gym/*/problem/*","http://codeforces.com/problemset/problem/*","http://codeforces.com/group/*/contest/*/problem/*","http://*.contest.codeforces.com/group/*/contest/*/problem/*","https://codeforces.com/contest/*/problem/*","https://codeforces.com/gym/*/problem/*","https://codeforces.com/problemset/problem/*","https://codeforces.com/group/*/contest/*/problem/*","https://*.contest.codeforces.com/group/*/contest/*/problem/*"],"orig_noframes":null,"orig_run_at":"document-idle","use_blockers":[],"use_connects":[],"use_excludes":[],"use_includes":[],"use_matches":[]},"run_at":null,"tab_types":null,"unwrap":null},"settings":{"enabled":true,"position":6},"meta":{"name":"cf-fast-submit","uuid":"f982875c-9636-4504-9228-1fa33a8088a2","modified":1663502190821,"file_url":"https://github.com/LumaKernel/cf-fast-submit/raw/master/main.user.js"}}