{"options":{"check_for_updates":true,"comment":null,"compat_foreach":false,"compat_metadata":false,"compat_powerful_this":null,"compat_prototypes":false,"compat_wrappedjsobject":false,"compatopts_for_requires":true,"noframes":null,"override":{"merge_connects":true,"merge_excludes":true,"merge_includes":true,"merge_matches":true,"orig_connects":["cf-predictor-frontend.herokuapp.com","cf-predictor.herokuapp.com"],"orig_excludes":[],"orig_includes":[],"orig_matches":["*://codeforces.com/contest/*/standings*","*://codeforc.es/contest/*/standings*","*://codeforces.ml/contest/*/standings*"],"orig_noframes":null,"orig_run_at":"document-idle","use_blockers":[],"use_connects":[],"use_excludes":[],"use_includes":[],"use_matches":[]},"run_at":null,"tab_types":null,"unwrap":null},"settings":{"enabled":true,"position":3},"meta":{"name":"CF-Predictor","uuid":"c3e77fea-8b92-45fa-a9bb-bfa29a632086","modified":1662621831362,"file_url":"https://greasyfork.org/scripts/38050-cf-predictor/code/CF-Predictor.user.js"}}