{"options":{"check_for_updates":true,"comment":null,"compat_foreach":false,"compat_metadata":false,"compat_powerful_this":null,"compat_wrappedjsobject":false,"compatopts_for_requires":true,"noframes":null,"override":{"merge_connects":true,"merge_excludes":true,"merge_includes":true,"merge_matches":true,"orig_connects":[],"orig_excludes":[],"orig_includes":[],"orig_matches":["https://leetcode.com/problems/*","https://leetcode.cn/problems/*"],"orig_noframes":null,"orig_run_at":"document-idle","use_blockers":[],"use_connects":[],"use_excludes":[],"use_includes":[],"use_matches":[]},"run_at":null,"sandbox":null,"tab_types":null,"unwrap":null},"settings":{"enabled":true,"position":11},"meta":{"name":"leetcode2acwing","uuid":"24baae91-1fd7-4fea-a27b-6a37416dffdc","modified":1677587763587,"file_url":"https://greasyfork.org/scripts/447992-leetcode2acwing/code/leetcode2acwing.user.js"}}