{"options":{"check_for_updates":true,"comment":null,"compat_foreach":false,"compat_metadata":false,"compat_powerful_this":null,"compat_wrappedjsobject":false,"compatopts_for_requires":true,"noframes":null,"override":{"merge_connects":true,"merge_excludes":true,"merge_includes":true,"merge_matches":true,"orig_connects":["zerotrac.github.io","raw.staticdn.net","raw.githubusercontents.com"],"orig_excludes":[],"orig_includes":[],"orig_matches":["*://*leetcode.cn/*"],"orig_noframes":null,"orig_run_at":"document-end","use_blockers":[],"use_connects":[],"use_excludes":[],"use_includes":[],"use_matches":[]},"run_at":null,"sandbox":null,"tab_types":null,"unwrap":null},"settings":{"enabled":true,"position":13},"meta":{"name":"LeetCodeRating｜显示力扣周赛难度分","uuid":"09f76bd1-339d-499f-976b-7e9e53fa8fbe","modified":1666188510137,"file_url":"https://github.com/zhang-wangz/LeetCodeRating/raw/main/leetcodeRating_greasyfork.user.js"}}