{"external_update_interval":604800000,"i18n":"zh_CN","scriptUpdateCheckPeriod":604800000,"script_blacklist_server":[{"rules":["/https?:\\/\\/userscripts\\.org\\/scripts\\/(source|version)/(102614).*\\.user\\.js/"],"severity":2},{"name":"SaveFrom.net helper","reason":"Shows advertisements","rules":["/https?:\\/\\/sf-addon\\.com\\/.*\\/.*\\.user\\.js/","/https?:\\/\\/.*\\.sf-helper\\.com\\/.*\\.user\\.js/"],"severity":3},{"reasons":{"en":"Used for a phishing compain to compromise users of baon-nutrition.com"},"rules":["/https?:\\/\\/files\\.ulysse\\.travel\\/.*\\.user\\.js/"],"severity":8},{"name":"Local YouTube Downloader","reasons":{"en":"Shows a disturbing alert message at every page with a youtube frame or iframe"},"rules":["/https?:\\/\\/greasyfork\\.org\\/scripts\\/369400-.*\\.user\\.js.*/"],"severity":8}]}