{"options":{"check_for_updates":false,"comment":null,"compat_foreach":false,"compat_metadata":false,"compat_powerful_this":null,"compat_prototypes":false,"compat_wrappedjsobject":false,"compatopts_for_requires":true,"noframes":null,"override":{"merge_connects":true,"merge_excludes":true,"merge_includes":true,"merge_matches":true,"orig_connects":[],"orig_excludes":[],"orig_includes":[],"orig_matches":["https://leetcode-cn.com/problems/*","https://leetcode.cn/problems/*"],"orig_noframes":null,"orig_run_at":"document-idle","use_blockers":[],"use_connects":[],"use_excludes":[],"use_includes":[],"use_matches":[]},"run_at":null,"tab_types":null,"unwrap":null},"settings":{"enabled":true,"position":10},"meta":{"name":"力扣题目计时","uuid":"f37977a8-8d1a-4cf1-b7df-1bbbb4580466","modified":1660821541821,"file_url":"https://greasyfork.org/scripts/420311-%E5%8A%9B%E6%89%A3%E9%A2%98%E7%9B%AE%E8%AE%A1%E6%97%B6/code/%E5%8A%9B%E6%89%A3%E9%A2%98%E7%9B%AE%E8%AE%A1%E6%97%B6.user.js"}}