{"options":{"check_for_updates":true,"comment":null,"compat_foreach":false,"compat_metadata":false,"compat_powerful_this":null,"compat_wrappedjsobject":false,"compatopts_for_requires":true,"noframes":null,"override":{"merge_connects":true,"merge_excludes":true,"merge_includes":true,"merge_matches":true,"orig_connects":[],"orig_excludes":[],"orig_includes":[],"orig_matches":["https://leetcode.cn/*","https://www.jianshu.com/p/*","https://*.blog.csdn.net/article/details/*","https://blog.csdn.net/*/article/details/*","https://juejin.cn/post/*","https://www.acwing.com/file_system/file/content/whole/index/content/*","https://*.nowcoder.com/*"],"orig_noframes":null,"orig_run_at":"document-end","use_blockers":[],"use_connects":[],"use_excludes":[],"use_includes":[],"use_matches":[]},"run_at":null,"sandbox":null,"tab_types":null,"unwrap":null},"settings":{"enabled":true,"position":14},"meta":{"name":"复制去除版权信息","uuid":"d161bcb4-6a80-4430-97f8-d28cb2e15cf6","modified":1677587806870,"file_url":"https://greasyfork.org/scripts/438780-%E5%A4%8D%E5%88%B6%E5%8E%BB%E9%99%A4%E7%89%88%E6%9D%83%E4%BF%A1%E6%81%AF/code/%E5%A4%8D%E5%88%B6%E5%8E%BB%E9%99%A4%E7%89%88%E6%9D%83%E4%BF%A1%E6%81%AF.user.js"}}