{"options":{"check_for_updates":false,"comment":null,"compat_foreach":false,"compat_metadata":false,"compat_powerful_this":null,"compat_wrappedjsobject":false,"compatopts_for_requires":true,"noframes":null,"override":{"merge_connects":true,"merge_excludes":true,"merge_includes":true,"merge_matches":true,"orig_connects":["baidu.com","baidupcs.com","lc-cn-n1-shared.com"],"orig_excludes":[],"orig_includes":[],"orig_matches":["http*://yun.baidu.com/s/*","https://pan.baidu.com/s/*","https://pan.baidu.com/play/video*","https://pan.baidu.com/pfile/video*","https://pan.baidu.com/mbox/streampage*"],"orig_noframes":null,"orig_run_at":"document-start","use_blockers":[],"use_connects":[],"use_excludes":[],"use_includes":[],"use_matches":[]},"run_at":null,"sandbox":null,"tab_types":null,"unwrap":null},"settings":{"enabled":true,"position":14},"meta":{"name":"BD网盘视频播放器 改","uuid":"fdd89a22-351e-4d1a-b95c-995dccfbdfe2","modified":1689650324157}}