{"options":{"check_for_updates":true,"comment":null,"compat_foreach":false,"compat_metadata":false,"compat_powerful_this":null,"compat_wrappedjsobject":false,"compatopts_for_requires":true,"noframes":null,"override":{"merge_connects":true,"merge_excludes":true,"merge_includes":true,"merge_matches":true,"orig_connects":["www2.deepl.com","www.iflyrec.com","m.youdao.com","api.interpreter.caiyunai.com","translate.google.com","openai.api2d.net","api.openai.com","www.luogu.com.cn","clist.by","greasyfork.org","*"],"orig_excludes":[],"orig_includes":[],"orig_matches":["*://*.codeforces.com/*","*://*.codeforc.es/*"],"orig_noframes":null,"orig_run_at":"document-start","use_blockers":[],"use_connects":[],"use_excludes":[],"use_includes":[],"use_matches":[]},"run_at":null,"sandbox":null,"tab_types":null,"unwrap":null},"settings":{"enabled":true,"position":16},"meta":{"name":"Codeforces Better!","uuid":"31cacbf4-8da1-4cc9-b91c-a56edb4790df","modified":1697257387229,"file_url":"https://greasyfork.org/scripts/465777-codeforces-better/code/Codeforces%20Better!.user.js"}}