{"options":{"check_for_updates":false,"comment":null,"compat_foreach":false,"compat_metadata":false,"compat_powerful_this":null,"compat_wrappedjsobject":false,"compatopts_for_requires":true,"noframes":null,"override":{"merge_connects":true,"merge_excludes":true,"merge_includes":true,"merge_matches":true,"orig_connects":[],"orig_excludes":[],"orig_includes":[],"orig_matches":["https://leetcode.cn/problems/*"],"orig_noframes":null,"orig_run_at":"document-idle","use_blockers":[],"use_connects":[],"use_excludes":[],"use_includes":[],"use_matches":[]},"run_at":null,"sandbox":null,"tab_types":null,"unwrap":null},"settings":{"enabled":true,"position":13},"meta":{"name":"力扣自动全屏","uuid":"0549a9ee-6f68-437c-bdad-d0f606ff949e","modified":1688831347346,"file_url":"https://greasyfork.org/scripts/421900-%E5%8A%9B%E6%89%A3%E8%87%AA%E5%8A%A8%E5%85%A8%E5%B1%8F/code/%E5%8A%9B%E6%89%A3%E8%87%AA%E5%8A%A8%E5%85%A8%E5%B1%8F.user.js"}}