{"options":{"check_for_updates":true,"comment":null,"compat_foreach":false,"compat_metadata":false,"compat_powerful_this":null,"compat_wrappedjsobject":false,"compatopts_for_requires":true,"noframes":null,"override":{"merge_connects":true,"merge_excludes":true,"merge_includes":true,"merge_matches":true,"orig_connects":[],"orig_excludes":[],"orig_includes":[],"orig_matches":["*://link.csdn.net/*","*://link.juejin.cn/*","*://link.zhihu.com/*","*://www.jianshu.com/go-wild*","*://jump.bdimg.com/safecheck/index?url=*","*://gitee.com/link*","*://c.pc.qq.com/*.html?pfurl=*","*://leetcode-cn.com/link/?target=*","*://leetcode.cn/link/?target=*","*://hd.nowcoder.com/link.html?target=*"],"orig_noframes":null,"orig_run_at":"document-end","use_blockers":[],"use_connects":[],"use_excludes":[],"use_includes":[],"use_matches":[]},"run_at":null,"sandbox":null,"tab_types":null,"unwrap":null},"settings":{"enabled":true,"position":5},"meta":{"name":"外链自动跳转","uuid":"bef20c4c-a500-4464-b383-8fb9cf87fe3b","modified":1695540008858,"file_url":"https://greasyfork.org/scripts/438364-%E5%A4%96%E9%93%BE%E8%87%AA%E5%8A%A8%E8%B7%B3%E8%BD%AC/code/%E5%A4%96%E9%93%BE%E8%87%AA%E5%8A%A8%E8%B7%B3%E8%BD%AC.user.js"}}