{"options":{"check_for_updates":true,"comment":null,"compat_foreach":false,"compat_metadata":false,"compat_powerful_this":null,"compat_wrappedjsobject":false,"compatopts_for_requires":true,"noframes":null,"override":{"merge_connects":true,"merge_excludes":true,"merge_includes":true,"merge_matches":true,"orig_connects":[],"orig_excludes":[],"orig_includes":[],"orig_matches":["https://codeforces.com/*/problem/*"],"orig_noframes":null,"orig_run_at":"document-idle","use_blockers":[],"use_connects":[],"use_excludes":[],"use_includes":[],"use_matches":[]},"run_at":null,"sandbox":null,"tab_types":null,"unwrap":null},"settings":{"enabled":true,"position":10},"meta":{"name":"添加洛谷链接，以及status快捷导航栏 codeforces add Luogu link, and status shortcut navigation bar","uuid":"be67da31-61dc-4a5a-92cf-c5c2a181b371","modified":1688799632743,"file_url":"https://greasyfork.org/scripts/470204-%E6%B7%BB%E5%8A%A0%E6%B4%9B%E8%B0%B7%E9%93%BE%E6%8E%A5-%E4%BB%A5%E5%8F%8Astatus%E5%BF%AB%E6%8D%B7%E5%AF%BC%E8%88%AA%E6%A0%8F-codeforces-add-luogu-link-and-status-shortcut-navigation-bar/code/%E6%B7%BB%E5%8A%A0%E6%B4%9B%E8%B0%B7%E9%93%BE%E6%8E%A5%EF%BC%8C%E4%BB%A5%E5%8F%8Astatus%E5%BF%AB%E6%8D%B7%E5%AF%BC%E8%88%AA%E6%A0%8F%20codeforces%20add%20Luogu%20link,%20and%20status%20shortcut%20navigation%20bar.user.js"}}