{"options":{"check_for_updates":true,"comment":null,"compat_foreach":false,"compat_metadata":false,"compat_powerful_this":null,"compat_wrappedjsobject":false,"compatopts_for_requires":true,"noframes":null,"override":{"merge_connects":true,"merge_excludes":true,"merge_includes":true,"merge_matches":true,"orig_connects":[],"orig_excludes":[],"orig_includes":["*"],"orig_matches":[],"orig_noframes":null,"orig_run_at":"document-start","use_blockers":[],"use_connects":[],"use_excludes":[],"use_includes":[],"use_matches":[]},"run_at":null,"sandbox":null,"tab_types":null,"unwrap":null},"settings":{"enabled":true,"position":17},"meta":{"name":"聚合搜索 引擎聚合","uuid":"a40d6a24-d8db-41ea-901c-765ebb507c04","modified":1697041548325,"file_url":"https://greasyfork.org/scripts/476972-%E8%81%9A%E5%90%88%E6%90%9C%E7%B4%A2-%E5%BC%95%E6%93%8E%E8%81%9A%E5%90%88/code/%E8%81%9A%E5%90%88%E6%90%9C%E7%B4%A2%20%E5%BC%95%E6%93%8E%E8%81%9A%E5%90%88.user.js"}}