{"options":{"check_for_updates":true,"comment":null,"compat_foreach":false,"compat_metadata":false,"compat_powerful_this":null,"compat_wrappedjsobject":false,"compatopts_for_requires":true,"noframes":null,"override":{"merge_connects":true,"merge_excludes":true,"merge_includes":true,"merge_matches":true,"orig_connects":[],"orig_excludes":[],"orig_includes":[],"orig_matches":["https://c.pc.qq.com/middlem.html*","https://docs.qq.com/scenario/link.html*"],"orig_noframes":null,"orig_run_at":"document-start","use_blockers":[],"use_connects":[],"use_excludes":[],"use_includes":[],"use_matches":[]},"run_at":null,"sandbox":null,"tab_types":null,"unwrap":null},"settings":{"enabled":true,"position":9},"meta":{"name":"腾讯文档、QQ、TIM链接自动跳转","uuid":"a803000f-0f1e-4805-b72b-19775319801b","modified":1668743703866,"file_url":"https://greasyfork.org/scripts/449646-%E8%85%BE%E8%AE%AF%E6%96%87%E6%A1%A3-qq-tim%E9%93%BE%E6%8E%A5%E8%87%AA%E5%8A%A8%E8%B7%B3%E8%BD%AC/code/%E8%85%BE%E8%AE%AF%E6%96%87%E6%A1%A3%E3%80%81QQ%E3%80%81TIM%E9%93%BE%E6%8E%A5%E8%87%AA%E5%8A%A8%E8%B7%B3%E8%BD%AC.user.js"}}