{"options":{"check_for_updates":true,"comment":null,"compat_foreach":false,"compat_metadata":false,"compat_powerful_this":null,"compat_prototypes":false,"compat_wrappedjsobject":false,"compatopts_for_requires":true,"noframes":null,"override":{"merge_connects":true,"merge_excludes":true,"merge_includes":true,"merge_matches":true,"orig_connects":[],"orig_excludes":[],"orig_includes":[],"orig_matches":["https://codeforces.com/*"],"orig_noframes":null,"orig_run_at":"document-idle","use_blockers":[],"use_connects":[],"use_excludes":[],"use_includes":[],"use_matches":[]},"run_at":null,"tab_types":null,"unwrap":null},"settings":{"enabled":true,"position":5},"meta":{"name":"codeforces_submission_accept","uuid":"c915b7fd-81bc-4a38-8cc7-bc6e53f9d428","modified":1659664676627,"file_url":"https://greasyfork.org/scripts/381048-codeforces-submission-accept/code/codeforces_submission_accept.user.js"}}