{"options":{"check_for_updates":true,"comment":null,"compat_foreach":false,"compat_metadata":false,"compat_powerful_this":null,"compat_prototypes":false,"compat_wrappedjsobject":false,"compatopts_for_requires":true,"noframes":null,"override":{"merge_connects":true,"merge_excludes":true,"merge_includes":true,"merge_matches":true,"orig_connects":[],"orig_excludes":[],"orig_includes":[],"orig_matches":["https://codeforces.com/gym/*/status","https://codeforces.com/submissions/*","https://codeforces.ml/gym/*/status","https://codeforces.ml/submissions/*"],"orig_noframes":null,"orig_run_at":"document-idle","use_blockers":[],"use_connects":[],"use_excludes":[],"use_includes":[],"use_matches":[]},"run_at":null,"tab_types":null,"unwrap":null},"settings":{"enabled":true,"position":3},"meta":{"name":"GYM code view - codeforces.com","uuid":"f0b12884-1745-4014-8081-9f6413ed70aa","modified":1654528925909,"file_url":"https://greasyfork.org/scripts/446066-gym-code-view-codeforces-com/code/GYM%20code%20view%20-%20codeforcescom.user.js"}}