{"options":{"check_for_updates":false,"comment":null,"compatopts_for_requires":true,"compat_wrappedjsobject":false,"compat_metadata":false,"compat_foreach":false,"compat_prototypes":false,"compat_powerful_this":null,"noframes":null,"unwrap":null,"run_at":null,"tab_types":null,"override":{"merge_connects":true,"merge_excludes":true,"merge_includes":true,"merge_matches":true,"orig_connects":[],"orig_excludes":[],"orig_includes":[],"orig_matches":["https://leetcode.cn/problems/*"],"orig_noframes":null,"orig_run_at":"document-end","use_blockers":[],"use_connects":[],"use_excludes":[],"use_includes":[],"use_matches":[]}},"settings":{"enabled":true,"position":11},"meta":{"name":"LeetCode_CN/力扣 一键打开英文讨论区","uuid":"e5bb24ca-0fcf-43ac-b862-9f9c03c3d837","modified":1660821094117,"file_url":"https://greasyfork.org/scripts/376339-leetcode-cn-%E5%8A%9B%E6%89%A3-%E4%B8%80%E9%94%AE%E6%89%93%E5%BC%80%E8%8B%B1%E6%96%87%E8%AE%A8%E8%AE%BA%E5%8C%BA/code/LeetCode_CN%E5%8A%9B%E6%89%A3%20%E4%B8%80%E9%94%AE%E6%89%93%E5%BC%80%E8%8B%B1%E6%96%87%E8%AE%A8%E8%AE%BA%E5%8C%BA.user.js"}}