{"options":{"check_for_updates":true,"comment":null,"compat_foreach":false,"compat_metadata":false,"compat_powerful_this":null,"compat_prototypes":false,"compat_wrappedjsobject":false,"compatopts_for_requires":true,"noframes":null,"override":{"merge_connects":true,"merge_excludes":true,"merge_includes":true,"merge_matches":true,"orig_connects":[],"orig_excludes":[],"orig_includes":[],"orig_matches":["*://codeforces.com/problemset/problem/*","*://codeforces.com/contest/*/problem/*","*://codeforces.ml/problemset/problem/*","*://codeforces.ml/contest/*/problem/*","*://codeforces.com/*"],"orig_noframes":null,"orig_run_at":"document-idle","use_blockers":[],"use_connects":[],"use_excludes":[],"use_includes":[],"use_matches":[]},"run_at":null,"tab_types":null,"unwrap":null},"settings":{"enabled":true,"position":6},"meta":{"name":"my cf","uuid":"61288adc-6564-4488-aa70-d121fdaf94f6","modified":1659664751709,"file_url":"https://greasyfork.org/scripts/436716-my-cf/code/my%20cf.user.js"}}