{"options":{"check_for_updates":true,"comment":null,"compatopts_for_requires":true,"compat_wrappedjsobject":false,"compat_metadata":false,"compat_foreach":false,"compat_prototypes":false,"compat_powerful_this":null,"noframes":null,"unwrap":null,"run_at":null,"tab_types":null,"override":{"use_includes":[],"orig_includes":[],"merge_includes":true,"use_matches":[],"orig_matches":["*://*/*"],"merge_matches":true,"use_excludes":[],"orig_excludes":[],"merge_excludes":true,"use_connects":[],"orig_connects":[],"merge_connects":true,"use_blockers":[],"orig_run_at":"document-idle","orig_noframes":null}},"settings":{"enabled":true,"position":15},"meta":{"name":"剪贴板净化助手","uuid":"9cd19c6d-0799-4452-8344-17cbd9bf35b7","modified":1660820657915,"file_url":"https://greasyfork.org/scripts/443306-%E5%89%AA%E8%B4%B4%E6%9D%BF%E5%87%80%E5%8C%96%E5%8A%A9%E6%89%8B/code/%E5%89%AA%E8%B4%B4%E6%9D%BF%E5%87%80%E5%8C%96%E5%8A%A9%E6%89%8B.user.js"}}