{"options":{"check_for_updates":false,"comment":null,"compatopts_for_requires":true,"compat_wrappedjsobject":false,"compat_metadata":false,"compat_foreach":false,"compat_prototypes":false,"compat_powerful_this":null,"noframes":null,"unwrap":null,"run_at":null,"tab_types":null,"override":{"use_includes":[],"orig_includes":[],"merge_includes":true,"use_matches":[],"orig_matches":["https://leetcode-cn.com/problems/*","https://leetcode.cn/problems/*"],"merge_matches":true,"use_excludes":[],"orig_excludes":[],"merge_excludes":true,"use_connects":[],"orig_connects":[],"merge_connects":true,"use_blockers":[],"orig_run_at":"document-idle","orig_noframes":null}},"settings":{"enabled":true,"position":17},"meta":{"name":"力扣题目计时","uuid":"f37977a8-8d1a-4cf1-b7df-1bbbb4580466","modified":1660821541821,"file_url":"https://greasyfork.org/scripts/420311-%E5%8A%9B%E6%89%A3%E9%A2%98%E7%9B%AE%E8%AE%A1%E6%97%B6/code/%E5%8A%9B%E6%89%A3%E9%A2%98%E7%9B%AE%E8%AE%A1%E6%97%B6.user.js"}}