{"options":{"check_for_updates":false,"comment":null,"compatopts_for_requires":true,"compat_wrappedjsobject":false,"compat_metadata":false,"compat_foreach":false,"compat_prototypes":false,"compat_powerful_this":null,"noframes":null,"unwrap":null,"run_at":null,"tab_types":null,"override":{"use_includes":[],"orig_includes":[],"merge_includes":true,"use_matches":[],"orig_matches":["https://leetcode.cn/problems/*"],"merge_matches":true,"use_excludes":[],"orig_excludes":[],"merge_excludes":true,"use_connects":[],"orig_connects":[],"merge_connects":true,"use_blockers":[],"orig_run_at":"document-idle","orig_noframes":null}},"settings":{"enabled":true,"position":16},"meta":{"name":"力扣自动全屏","uuid":"d413d81c-39bf-465e-b0c3-3652858f3e90","modified":1660820936479,"file_url":"https://greasyfork.org/scripts/421900-%E5%8A%9B%E6%89%A3%E8%87%AA%E5%8A%A8%E5%85%A8%E5%B1%8F/code/%E5%8A%9B%E6%89%A3%E8%87%AA%E5%8A%A8%E5%85%A8%E5%B1%8F.user.js"}}